{
    "whale_info": {
      "name": "くじらくん",
      "species": "シロナガスクジラ",
      "age": 5,
      "size": {
        "length": 12.5,
        "weight": 25.8
      },
      "habitat": "太平洋",
      "description": "くじらくんはシロナガスクジラの仲間で、太平洋の美しい海で暮らしています。彼は5歳で、長さは約12.5メートル、体重は25.8トンあります。おおらかで優しい性格で、周りの仲間たちと仲良く暮らしています。"
    },
    "whale_friends": [
      {
        "name": "マリンちゃん",
        "species": "ミンククジラ",
        "age": 3,
        "size": {
          "length": 8.2,
          "weight": 12.6
        },
        "description": "マリンちゃんはミンククジラの仲間で、くじらくんの親友です。彼女は3歳で、愛らしい笑顔が魅力です。一緒に泳いで遊ぶのが大好きです。"
      },
      {
        "name": "ジャンプくん",
        "species": "シャチ",
        "age": 7,
        "size": {
          "length": 6.9,
          "weight": 4.5
        },
        "description": "ジャンプくんはシャチの仲間で、元気いっぱいのくじらたちのリーダーです。彼は7歳で、素早いジャンプで仲間を楽しませてくれます。"
      }
    ]
  }
  